bloco,cenario,resolucao,threads,schedule,chunk,repeticao,tempo_s,t_min,t_mean,t_max,lambda
baseline,full,4096x4096,1,,,1,5.8764,,,,1.0000
baseline,seahorse,4096x4096,1,,,1,2.6212,,,,1.0000
1,full,4096x4096,1,static,,1,5.8827,5.882724,5.882724,5.882724,1.0000
1,full,4096x4096,1,static,,2,5.8595,5.859488,5.859488,5.859488,1.0000
1,full,4096x4096,1,static,,3,5.8515,5.851471,5.851471,5.851471,1.0000
1,full,4096x4096,2,static,,1,2.9605,2.933484,2.946920,2.960357,1.0046
1,full,4096x4096,2,static,,2,2.9348,2.929864,2.932219,2.934574,1.0008
1,full,4096x4096,2,static,,3,2.9470,2.922292,2.934517,2.946742,1.0042
1,full,4096x4096,4,static,,1,2.8707,0.100321,1.480345,2.870420,1.9390
1,full,4096x4096,4,static,,2,2.8729,0.101194,1.483384,2.872263,1.9363
1,full,4096x4096,4,static,,3,2.8667,0.095410,1.474736,2.866337,1.9436
1,full,4096x4096,8,static,,1,2.0305,0.021424,0.769831,2.030086,2.6371
1,full,4096x4096,8,static,,2,2.0183,0.010741,0.761365,2.017865,2.6503
1,full,4096x4096,8,static,,3,2.0361,0.010595,0.765593,2.035662,2.6589
1,full,4096x4096,16,static,,1,1.1880,0.011770,0.407029,1.187371,2.9172
1,full,4096x4096,16,static,,2,1.1946,0.009115,0.402413,1.194022,2.9672
1,full,4096x4096,16,static,,3,1.2388,0.009840,0.401765,1.238012,3.0814
2,full,4096x4096,8,static,1,1,0.9938,0.837961,0.882944,0.992955,1.1246
2,full,4096x4096,8,static,1,2,0.9503,0.788654,0.832973,0.949773,1.1402
2,full,4096x4096,8,static,1,3,0.9442,0.788525,0.831898,0.943899,1.1346
2,full,4096x4096,8,static,8,1,0.9439,0.788853,0.828386,0.943548,1.1390
2,full,4096x4096,8,static,8,2,0.9458,0.784687,0.827359,0.944108,1.1411
2,full,4096x4096,8,static,8,3,0.9406,0.783032,0.826026,0.940106,1.1381
2,full,4096x4096,8,static,16,1,0.9350,0.774620,0.826752,0.934493,1.1303
2,full,4096x4096,8,static,16,2,0.9600,0.775497,0.827270,0.959526,1.1599
2,full,4096x4096,8,static,16,3,0.9582,0.772532,0.828152,0.957646,1.1564
2,full,4096x4096,8,static,32,1,0.9379,0.729799,0.825241,0.937538,1.1361
2,full,4096x4096,8,static,32,2,0.9657,0.728136,0.823756,0.965148,1.1716
2,full,4096x4096,8,static,32,3,0.9558,0.736919,0.826134,0.955408,1.1565
2,full,4096x4096,8,static,64,1,0.9924,0.751675,0.825196,0.991781,1.2019
2,full,4096x4096,8,static,64,2,1.0199,0.767591,0.850110,1.019400,1.1991
2,full,4096x4096,8,static,64,3,0.9452,0.756489,0.829692,0.944865,1.1388
2,full,4096x4096,8,dynamic,1,1,0.8320,0.831507,0.831561,0.831617,1.0001
2,full,4096x4096,8,dynamic,1,2,0.8334,0.832848,0.832872,0.832911,1.0000
2,full,4096x4096,8,dynamic,1,3,0.8314,0.830903,0.831005,0.831045,1.0000
2,full,4096x4096,8,dynamic,8,1,0.8328,0.832126,0.832231,0.832368,1.0002
2,full,4096x4096,8,dynamic,8,2,0.8317,0.831216,0.831299,0.831415,1.0001
2,full,4096x4096,8,dynamic,8,3,0.8361,0.835548,0.835645,0.835729,1.0001
2,full,4096x4096,8,dynamic,16,1,0.8322,0.831460,0.831596,0.831732,1.0002
2,full,4096x4096,8,dynamic,16,2,0.8329,0.832079,0.832245,0.832526,1.0003
2,full,4096x4096,8,dynamic,16,3,0.8333,0.832402,0.832610,0.832922,1.0004
2,full,4096x4096,8,dynamic,32,1,0.8308,0.829539,0.829916,0.830322,1.0005
2,full,4096x4096,8,dynamic,32,2,0.8366,0.832024,0.833095,0.836036,1.0035
2,full,4096x4096,8,dynamic,32,3,0.8338,0.831351,0.831887,0.833292,1.0017
2,full,4096x4096,8,dynamic,64,1,0.8696,0.816344,0.831878,0.869053,1.0447
2,full,4096x4096,8,dynamic,64,2,0.8718,0.803258,0.829827,0.871383,1.0501
2,full,4096x4096,8,dynamic,64,3,0.8420,0.822139,0.829221,0.841562,1.0149
2,full,4096x4096,8,guided,1,1,1.3198,0.296097,0.799474,1.319343,1.6503
2,full,4096x4096,8,guided,1,2,1.3209,0.295055,0.801045,1.320441,1.6484
2,full,4096x4096,8,guided,1,3,1.3125,0.295910,0.801839,1.312060,1.6363
2,full,4096x4096,8,guided,8,1,1.3199,0.300769,0.798830,1.319485,1.6518
2,full,4096x4096,8,guided,8,2,1.3305,0.295236,0.800622,1.329930,1.6611
2,full,4096x4096,8,guided,8,3,1.3993,0.300024,0.800432,1.398892,1.7477
2,full,4096x4096,8,guided,16,1,1.3231,0.395531,0.807307,1.322640,1.6383
2,full,4096x4096,8,guided,16,2,1.3157,0.317889,0.807460,1.315245,1.6289
2,full,4096x4096,8,guided,16,3,1.3204,0.297767,0.805852,1.319727,1.6377
2,full,4096x4096,8,guided,32,1,1.3157,0.297740,0.800535,1.315180,1.6429
2,full,4096x4096,8,guided,32,2,1.3695,0.294963,0.798155,1.368814,1.7150
2,full,4096x4096,8,guided,32,3,1.3203,0.297925,0.802258,1.319944,1.6453
2,full,4096x4096,8,guided,64,1,1.3242,0.296000,0.800292,1.323830,1.6542
2,full,4096x4096,8,guided,64,2,1.3217,0.296822,0.801441,1.321358,1.6487
2,full,4096x4096,8,guided,64,3,1.3696,0.295483,0.799119,1.369066,1.7132
3,seahorse,4096x4096,1,static,,1,2.6412,2.641171,2.641171,2.641171,1.0000
3,seahorse,4096x4096,1,static,,2,2.6308,2.630813,2.630813,2.630813,1.0000
3,seahorse,4096x4096,1,static,,3,2.6150,2.615031,2.615031,2.615031,1.0000
3,seahorse,4096x4096,2,static,,1,1.5516,1.065959,1.308677,1.551396,1.1855
3,seahorse,4096x4096,2,static,,2,1.5503,1.068808,1.309436,1.550064,1.1838
3,seahorse,4096x4096,2,static,,3,1.5438,1.067723,1.305651,1.543579,1.1822
3,seahorse,4096x4096,4,static,,1,0.8451,0.451198,0.685961,0.844928,1.2317
3,seahorse,4096x4096,4,static,,2,0.8376,0.447239,0.680174,0.837321,1.2310
3,seahorse,4096x4096,4,static,,3,0.8371,0.453357,0.681108,0.836710,1.2285
3,seahorse,4096x4096,8,static,,1,0.4867,0.169113,0.358943,0.486218,1.3546
3,seahorse,4096x4096,8,static,,2,0.4889,0.170259,0.358704,0.488286,1.3613
3,seahorse,4096x4096,8,static,,3,0.4880,0.171308,0.358534,0.487543,1.3598
3,seahorse,4096x4096,16,static,,1,0.3097,0.105615,0.203725,0.309090,1.5172
3,seahorse,4096x4096,16,static,,2,0.3129,0.104694,0.205910,0.312358,1.5170
3,seahorse,4096x4096,16,static,,3,0.3128,0.105540,0.204534,0.312171,1.5263
3b,seahorse,4096x4096,8,static,1,1,0.4271,0.351734,0.373788,0.426600,1.1413
3b,seahorse,4096x4096,8,static,1,2,0.4252,0.350480,0.369827,0.424611,1.1481
3b,seahorse,4096x4096,8,static,1,3,0.4251,0.348308,0.368175,0.424622,1.1533
3b,seahorse,4096x4096,8,static,8,1,0.4231,0.346665,0.366865,0.422812,1.1525
3b,seahorse,4096x4096,8,static,8,2,0.4217,0.346076,0.366307,0.421182,1.1498
3b,seahorse,4096x4096,8,static,8,3,0.4252,0.348430,0.370960,0.424832,1.1452
3b,seahorse,4096x4096,8,static,16,1,0.4308,0.349599,0.371050,0.430184,1.1594
3b,seahorse,4096x4096,8,static,16,2,0.4241,0.345238,0.368654,0.423681,1.1493
3b,seahorse,4096x4096,8,static,16,3,0.4247,0.343355,0.367289,0.424253,1.1551
3b,seahorse,4096x4096,8,static,32,1,0.4264,0.345950,0.368604,0.425999,1.1557
3b,seahorse,4096x4096,8,static,32,2,0.4344,0.344782,0.370569,0.433902,1.1709
3b,seahorse,4096x4096,8,static,32,3,0.4264,0.338260,0.367019,0.426075,1.1609
3b,seahorse,4096x4096,8,static,64,1,0.4328,0.335761,0.368373,0.432150,1.1731
3b,seahorse,4096x4096,8,static,64,2,0.4111,0.335358,0.367001,0.410587,1.1188
3b,seahorse,4096x4096,8,static,64,3,0.4089,0.335127,0.366250,0.408497,1.1153
3b,seahorse,4096x4096,8,dynamic,1,1,0.3736,0.371705,0.372311,0.372981,1.0018
3b,seahorse,4096x4096,8,dynamic,1,2,0.3710,0.369336,0.369871,0.370564,1.0019
3b,seahorse,4096x4096,8,dynamic,1,3,0.3738,0.372254,0.372855,0.373291,1.0012
3b,seahorse,4096x4096,8,dynamic,8,1,0.3755,0.367116,0.370143,0.375017,1.0132
3b,seahorse,4096x4096,8,dynamic,8,2,0.3744,0.365512,0.368852,0.373865,1.0136
3b,seahorse,4096x4096,8,dynamic,8,3,0.3750,0.365426,0.369557,0.374558,1.0135
3b,seahorse,4096x4096,8,dynamic,16,1,0.3792,0.362184,0.369545,0.378723,1.0248
3b,seahorse,4096x4096,8,dynamic,16,2,0.3783,0.360562,0.368416,0.377706,1.0252
3b,seahorse,4096x4096,8,dynamic,16,3,0.3789,0.360268,0.368564,0.378480,1.0269
3b,seahorse,4096x4096,8,dynamic,32,1,0.3854,0.357690,0.369061,0.385024,1.0433
3b,seahorse,4096x4096,8,dynamic,32,2,0.3824,0.351326,0.368484,0.381907,1.0364
3b,seahorse,4096x4096,8,dynamic,32,3,0.3820,0.353536,0.368850,0.381406,1.0340
3b,seahorse,4096x4096,8,dynamic,64,1,0.4066,0.339718,0.369125,0.406340,1.1008
3b,seahorse,4096x4096,8,dynamic,64,2,0.4069,0.346656,0.368851,0.406362,1.1017
3b,seahorse,4096x4096,8,dynamic,64,3,0.4047,0.344756,0.366579,0.404382,1.1031
3b,seahorse,4096x4096,8,guided,1,1,0.4023,0.369945,0.374159,0.401907,1.0742
3b,seahorse,4096x4096,8,guided,1,2,0.3910,0.365494,0.369248,0.390682,1.0580
3b,seahorse,4096x4096,8,guided,1,3,0.4633,0.353279,0.367523,0.463057,1.2599
3b,seahorse,4096x4096,8,guided,8,1,0.3950,0.367504,0.373958,0.394501,1.0549
3b,seahorse,4096x4096,8,guided,8,2,0.4122,0.355359,0.370835,0.411902,1.1107
3b,seahorse,4096x4096,8,guided,8,3,0.3955,0.365898,0.374604,0.395057,1.0546
3b,seahorse,4096x4096,8,guided,16,1,0.3956,0.358445,0.374656,0.395034,1.0544
3b,seahorse,4096x4096,8,guided,16,2,0.3946,0.364232,0.371574,0.394134,1.0607
3b,seahorse,4096x4096,8,guided,16,3,0.4637,0.348767,0.368797,0.463311,1.2563
3b,seahorse,4096x4096,8,guided,32,1,0.3955,0.351846,0.370332,0.395111,1.0669
3b,seahorse,4096x4096,8,guided,32,2,0.3947,0.350338,0.368330,0.394249,1.0704
3b,seahorse,4096x4096,8,guided,32,3,0.4629,0.341991,0.367103,0.462339,1.2594
3b,seahorse,4096x4096,8,guided,64,1,0.4076,0.352138,0.376145,0.407094,1.0823
3b,seahorse,4096x4096,8,guided,64,2,0.4574,0.324890,0.366242,0.456887,1.2475
3b,seahorse,4096x4096,8,guided,64,3,0.4244,0.334625,0.369703,0.423963,1.1468
4,full,4096x4096,1,static,,1,5.8800,5.879977,5.879977,5.879977,1.0000
4,full,8192x8192,4,static,,1,6.1968,6.196331,6.196348,6.196360,1.0000
4,full,16384x16384,16,static,,1,7.4871,7.483503,7.486464,7.486743,1.0000
4,full,4096x4096,1,dynamic,1,1,5.8761,5.876121,5.876121,5.876121,1.0000
4,full,8192x8192,4,dynamic,1,1,6.1891,6.188836,6.188843,6.188853,1.0000
4,full,16384x16384,16,dynamic,1,1,7.6364,7.632869,7.635669,7.636135,1.0001
